t Dist/Prec & Polling Place,,Polling Place Address,DEM,REP,GRN,LIB,UNA,OTHERS,TOTAL
t Type : CONGRESSIONAL DISTRICT,,,,,,,,,
ESSIONAL DISTRICT 2,,,,,,,,,
25005-SCHOOL #12 LAKELAND ELEM/MID,,2921  STRANDEN RD (REC,1451,166,3,8,252,11,1891
,,"CTR), BALTIMORE, MD",,,,,,,
,,21230,,,,,,,
25006-SCHOOL #225 WESTPORT ELEM,,"2401 NEVADA ST,",807,34,1,3,73,2,920
,,"BALTIMORE, MD 21230",,,,,,,
25007-ENGINE HOUSE #58,,"2425 1/2 ANNAPOLIS RD,",385,29,3,3,54,2,476
,,"BALTIMORE, MD 21230",,,,,,,
25008-SCHOOL #164 ARUNDEL ELEM,,"2400 ROUND RD,",1808,95,3,5,192,7,2110
,,"BALTIMORE, MD 21225",,,,,,,
25009-SCHOOL #159 CHERRY HILL ELEM,,"801 BRIDGEVIEW ROAD,",998,41,0,1,70,1,1111
,,"BALTIMORE, MD 21225",,,,,,,
25010-SCHOOL #422  NEW ERA SCHOOL,,"2700 SEAMON AVE,",1060,34,1,0,104,2,1201
,,"BALTIMORE, MD 21225",,,,,,,
25011-SCHOOL #203 FARRING ELEM,,"300 PONTIAC AVE,",377,112,1,1,118,3,612
,,"BALTIMORE, MD 21225",,,,,,,
25012-SCHOOL #203 FARRING ELEM,,"300 PONTIAC AVE,",717,215,1,7,223,1,1164
,,"BALTIMORE, MD 21225",,,,,,,
25013-ENOCH PRATT FREE LIBRARY,,"300 E PATAPSCO AVE,",449,120,0,4,125,5,703
BROOKLYN BRANCH,,"BALTIMORE, MD 21225",,,,,,,
25014-BROOKLYN HOMES,,"4140 TENTH ST,",742,77,1,4,157,10,991
,,"BALTIMORE, MD 21225",,,,,,,
25015-SCHOOL #239 MASONVILLE COVE,,"1201 CAMBRIA ST,",723,94,1,2,163,5,988
COMMUNITY ACADEMY,,"BALTIMORE, MD 21225",,,,,,,
25016-CURTIS BAY REC CTR,,"1620 FILBERT ST,",839,249,6,8,282,8,1392
,,"BALTIMORE, MD 21226",,,,,,,
26001-ST HELENA COMMUNITY ASSOC,,"6509 COLGATE AVE,",180,57,4,4,66,2,313
,,"BALTIMORE, MD 21222",,,,,,,
26002-SCHOOL #240 GRACELAND PARK,,"6300 ODONNELL ST,",1079,158,7,3,199,8,1454
ELEM,,"BALTIMORE, MD 21224",,,,,,,
26003-SCHOOL #240 GRACELAND PARK,,"6300 ODONNELL ST,",705,273,1,7,200,9,1195
ELEM,,"BALTIMORE, MD 21224",,,,,,,
26004-SCHOOL #405  PATTERSON SR,,"100 KANE ST, BALTIMORE,",560,139,2,2,158,8,869
HIGH,,MD 21224,,,,,,,
26015-SCHOOL #105 MORAVIA PARK ELEM,,"6001 FRANKFORD AVE,",1266,51,2,3,116,8,1446
,,"BALTIMORE, MD 21206",,,,,,,
26016-SCHOOL #431 MARITIME,"5001 SINCLAIR LANE,",1085,35,3,1,96,4,,1224
INDUSTRIES ACADEMY,"BALTIMORE, MD 21206",,,,,,,,
26022-JERUSALEM EV LUTHERAN CHURCH,"4605 BELAIR RD,",577,30,2,0,71,2,,682
,"BALTIMORE, MD 21206",,,,,,,,
26023-JERUSALEM EV LUTHERAN CHURCH,"4605 BELAIR RD,",956,41,4,5,102,3,,1111
,"BALTIMORE, MD 21206",,,,,,,,
26024-SCHOOL #49 NORTHEAST MIDDLE,"5001 MORAVIA RD,",1734,56,8,3,133,7,,1941
,"BALTIMORE, MD 21206",,,,,,,,
26025-SCHOOL #206 FURLEY ELEM,"4633 FURLEY AVE,",1265,47,1,3,153,4,,1473
,"BALTIMORE, MD 21206",,,,,,,,
26026-SCHOOL #211 GARDENVILLE ELEM,"5300 BELAIR RD,",1302,125,1,8,151,5,,1592
,"BALTIMORE, MD 21206",,,,,,,,
26027-SCHOOL #210 HAZELWOOD ELEM,"4517 HAZELWOOD AVE,",1095,78,2,1,121,9,,1306
,"BALTIMORE, MD 21206",,,,,,,,
26028-SCHOOL #210 HAZELWOOD ELEM,"4517 HAZELWOOD AVE,",961,57,1,2,90,3,,1114
,"BALTIMORE, MD 21206",,,,,,,,
26029-SCHOOL #210 HAZELWOOD ELEM,"4517 HAZELWOOD AVE,",3359,147,4,6,320,11,,3847
,"BALTIMORE, MD 21206",,,,,,,,
26030-ENGINE HOUSE #54,"5821 BELAIR RD,",684,88,4,3,103,3,,885
,"BALTIMORE, MD 21206",,,,,,,,
26031-ENGINE HOUSE #54,"5821 BELAIR RD,",463,128,4,3,106,5,,709
,"BALTIMORE, MD 21206",,,,,,,,
26032-SCHOOL #231 BREHMS LANE ELEM,"3536 BREHMS LN,",1467,62,3,3,141,4,,1680
,"BALTIMORE, MD 21213",,,,,,,,
26033-SCHOOL #248 SINCLAIR LANE ELEM,"3880 SINCLAIR LN,",1280,52,2,0,105,5,,1444
,"BALTIMORE, MD 21213",,,,,,,,
27001-JERUSALEM EV LUTHERAN CHURCH,"4605 BELAIR RD,",1611,164,13,8,211,12,,2019
,"BALTIMORE, MD 21206",,,,,,,,
27006-SCHOOL #211 GARDENVILLE ELEM,"5300 BELAIR RD,",2273,206,8,9,333,7,,2836
,"BALTIMORE, MD 21206",,,,,,,,
27007-SCHOOL #235 GLENMOUNT,"6211 WALTHER AVE,",973,77,2,2,126,1,,1181
ELEM/MID,"BALTIMORE, MD 21206",,,,,,,,
27008-SCHOOL #235 GLENMOUNT,"6211 WALTHER AVE,",1696,258,5,12,295,16,,2282
ELEM/MID,"BALTIMORE, MD 21206",,,,,,,,
01001-SCHOOL #47 HAMPSTEAD HILL,"500 S LINWOOD AVE,",824,223,9,14,284,4,,1358
ELEM,"BALTIMORE, MD 21224",,,,,,,,
01002-ENGINE HOUSE #5,"2120 EASTERN AVE,",1125,269,8,10,408,11,,1831
,"BALTIMORE, MD 21231",,,,,,,,
01003-SCHOOL #47 HAMPSTEAD HILL,"500 S LINWOOD AVE,",783,380,2,21,361,9,,1556
ELEM,"BALTIMORE, MD 21224",,,,,,,,
01004-ENOCH PRATT FREE LIBRARY,"1030 S ELLWOOD AVE,",1096,562,4,21,478,4,,2165
CANTON BRANCH,"BALTIMORE, MD 21224",,,,,,,,
01005-HATTON SENIOR CITIZEN CTR,"2825 FAIT  AVE,",1352,691,12,24,619,14,,2712
,"BALTIMORE, MD 21224",,,,,,,,
02001-SCHOOL #23 GENERAL WOLFE,"245 S WOLFE ST,",652,125,2,7,218,4,,1008
ELEM,"BALTIMORE, MD 21231",,,,,,,,
02002-SCHOOL #23 GENERAL WOLFE,"245 S WOLFE ST,",916,238,10,15,311,9,,1499
ELEM,"BALTIMORE, MD 21231",,,,,,,,
02003-LEMKO HOUSE,"603 S ANN ST, BALTIMORE,",1313,424,7,16,594,10,,2364
,MD 21231,,,,,,,,
03003-ST LEOS CHURCH HALL,"225 S EXETER ST,",845,269,3,12,343,13,,1485
,"BALTIMORE, MD 21202",,,,,,,,
06005-SCHOOL #83 WM PACA ELEM,"200 N LAKEWOOD AVE,",1678,230,9,22,436,12,,2387
,"BALTIMORE, MD 21224",,,,,,,,
08001-THE MARYLAND STATE BOYS CHOIR,"3400 NORMAN AVENUE,",65,8,0,0,6,0,,79
CENTER FOR THE ARTS,"BALTIMORE, MD 21213",,,,,,,,
08008-THE MARYLAND STATE BOYS CHOIR,"3400 NORMAN AVENUE,",677,92,4,0,89,6,,868
CENTER FOR THE ARTS,"BALTIMORE, MD 21213",,,,,,,,
08009-THE MARYLAND STATE BOYS CHOIR,"3400 NORMAN AVENUE,",54,1,0,0,7,2,,64
CENTER FOR THE ARTS,"BALTIMORE, MD 21213",,,,,,,,
12001-1ST ENGLISH LUTHERAN CHURCH,"3807 N CHARLES ST,",1796,276,17,8,439,12,,2548
,"BALTIMORE, MD 21218",,,,,,,,
13001-KESWICK MULTI-CARE CTR,"700 W 40TH ST,",850,105,2,4,171,4,,1136
,"BALTIMORE, MD 21211",,,,,,,,
13002-ENGINE HOUSE #21,"3724 ROLAND AVE,",755,124,12,15,168,6,,1080
,"BALTIMORE, MD 21211",,,,,,,,
13003-ROOSEVELT RECREATION CENTER,"1221 W 36TH STREET,",1297,211,23,19,400,8,,1958
,"BALTIMORE, MD 21211",,,,,,,,
13004-SCHOOL #249 MEDFIELD HGTS,"4300 BUCHANAN AVE,",625,185,10,10,181,4,,1015
ELEM,"BALTIMORE, MD 21211",,,,,,,,
13005-SHILOH UNITED CHURCH,"2000 DRUID PARK DRIVE,",539,95,9,8,177,2,,830
APOSTOLIC,"BALTIMORE, MD 21211",,,,,,,,
13012-SCHOOL #55 HAMPDEN ELEM,"3608 CHESTNUT AVE,",1062,156,17,4,246,5,,1490
,"BALTIMORE, MD 21211",,,,,,,,
21001-SCHOOL #22 GEORGE,"800 SCOTT ST,",476,114,3,11,181,8,,793
WASHINGTON ELEM,"BALTIMORE, MD 21230",,,,,,,,
21003-SCHOOL #34 CHARLES CARROLL,"1327 WASHINGTON BLVD,",1179,145,11,13,267,8,,1623
ELEM,"BALTIMORE, MD 21230",,,,,,,,
21004-SCHOOL #22 GEORGE,"800 SCOTT ST,",319,50,0,7,75,3,,454
WASHINGTON ELEM,"BALTIMORE, MD 21230",,,,,,,,
22002-ENGINE HOUSE #2,"800 LIGHT ST, BALTIMORE,",825,276,2,9,270,8,,1390
,MD 21230,,,,,,,,
23001-SOUTH BALTIMORE LEARNING CTR,28 E OSTEND ST-,685,308,3,13,283,5,,1297
,"ENTRANCE PATAPSCO ST,",,,,,,,,
,"BALTIMORE, MD 21230",,,,,,,,
23002-SOLO GIBBS REC CTR,1044 LEADENHALL ST AT,598,132,1,7,173,3,,914
,"CROSS ST, BALTIMORE, MD",,,,,,,,
,21230,,,,,,,,
23003-SCHOOL #84 JOHNSON ELEM,"100 E HEATH ST,",939,486,3,24,483,4,,1939
,"BALTIMORE, MD 21230",,,,,,,,
24001-SCHOOL #45 FEDERAL HILL ELEM,"1040 WILLIAM ST,",376,143,1,8,118,5,,651
,"BALTIMORE, MD 21230",,,,,,,,
24002-HOLY CROSS CHURCH HALL,"108 E WEST ST,",384,194,2,7,183,4,,774
,"BALTIMORE, MD 21230",,,,,,,,
24003-SCHOOL #416 DIGITAL HARBOR,"1100 COVINGTON ST,",890,383,3,13,326,7,,1622
HIGH,"BALTIMORE, MD 21230",,,,,,,,
24004-SCHOOL #84 JOHNSON ELEM,"100 E HEATH ST,",1205,508,3,28,507,13,,2264
,"BALTIMORE, MD 21230",,,,,,,,
24005-SCHOOL #76 F SCOTT KEY ELEM,"1425 E FORT AVE,",1552,761,3,25,638,14,,2993
,"BALTIMORE, MD 21230",,,,,,,,
25003-SCHOOL #226 VIOLETVILLE,"1207 PINE HGTS AVE,",882,372,5,9,283,12,,1563
ELEM/MID,"BALTIMORE, MD 21229",,,,,,,,
25004-SCHOOL #220 MORRELL PARK,"2601 TOLLEY ST,",1188,438,5,15,455,14,,2115
ELEM/MID,"BALTIMORE, MD 21230",,,,,,,,
26005-JOSEPH LEE FIELDHOUSE,"5900 E PRATT ST,",307,68,1,5,75,6,,462
,"BALTIMORE, MD 21224",,,,,,,,
26006-ST NICHOLAS CHURCH HALL,"520 S PONCA ST- REAR,",576,127,1,6,167,5,,882
,"BALTIMORE, MD 21224",,,,,,,,
26007-ST NICHOLAS CHURCH HALL,"520 S PONCA ST - REAR,",576,257,7,9,247,8,,1104
,"BALTIMORE, MD 21224",,,,,,,,
26008-CANTON BAPTIST CHURCH,"3302 TOONE ST,",580,310,3,12,291,9,,1205
,"BALTIMORE, MD 21224",,,,,,,,
26009-SOUTHEASTER ANCHOR LIBRARY,"3601 EASTERN AVE,",1362,635,2,32,605,16,,2652
,"BALTIMORE, MD 21224",,,,,,,,
26010-SCHOOL #215 HIGHLANDTOWN,"3223 E PRATT ST,",1290,257,13,16,321,13,,1910
ELEM,"BALTIMORE, MD 21224",,,,,,,,
26011-SCHOOL #237 HIGHLANDTOWN,"231 S EATON STREET,",615,104,5,8,154,10,,896
ELEM/MIDDLE,"BALTIMORE, MD 21224",,,,,,,,
26013-CARROLL COOK REC CTR,"5061 E EAGER ST,",450,170,2,3,152,8,,785
,"BALTIMORE, MD 21205",,,,,,,,
26014-COMMUNITY BUILDING,"931 ARMISTEAD WAY,",391,188,4,7,127,7,,724
,"BALTIMORE, MD 21205",,,,,,,,
26017-ORCHARD RIDGE III COMMUNITY,4340 ORCHARD RIDGE,435,17,1,1,39,1,,494
ROOM,"BLVD, BALTIMORE, MD",,,,,,,,
,21213,,,,,,,,
26018-SCHOOL #248 SINCLAIR LANE ELEM,"3880 SINCLAIR LN,",930,44,2,1,70,3,,1050
,"BALTIMORE, MD 21213",,,,,,,,
26021-SCHOOL #231 BREHMS LANE ELEM,"3536 BREHMS LN,",754,27,3,5,66,4,,859
,"BALTIMORE, MD 21213",,,,,,,,
27002-RAY OF HOPE BAPTIST CHURCH,"3000 PARKSIDE DR,",441,54,9,3,78,3,,588
,"BALTIMORE, MD 21214",,,,,,,,
27003-ENGINE HOUSE #42,"4522 HARFORD RD,",455,55,3,1,68,1,,583
,"BALTIMORE, MD 21214",,,,,,,,
27004-HARFORD CTR FOR SR CITIZENS,"4920 HARFORD RD,",416,74,2,1,76,1,,570
,"BALTIMORE, MD 21214",,,,,,,,
27005-SCHOOL #346 CITY NEIGHBORS,"5609 SEFTON  AVE - REAR,",1650,261,15,12,287,12,,2237
HAMILTON,"BALTIMORE, MD 21214",,,,,,,,
27009-ENGINE HOUSE #56,"6512 HARFORD RD,",958,174,6,5,170,5,,1318
,"BALTIMORE, MD 21234",,,,,,,,
27010-OPEN BIBLE BAPTIST CHURCH,"3902 OVERLEA AVE,",405,170,2,10,100,0,,687
,"BALTIMORE, MD 21206",,,,,,,,
27011-WOODHOME REC CTR,"7310 MOYER AVE,",1453,433,5,12,348,15,,2266
,"BALTIMORE, MD 21234",,,,,,,,
27012-NORTH HARFORD REC CTR,"6800 HAMLET AVE,",317,120,3,4,88,3,,535
,"BALTIMORE, MD 21234",,,,,,,,
27013-SCHOOL #339 FRIENDSHIP ACAD,"2500 E NORTHERN PKWY,",2126,238,7,7,314,11,,2703
OF ENGIN & TECH,"BALTIMORE, MD 21214",,,,,,,,
27020-SCHOOL #245 LEITH WALK ELEM,"1235 SHERWOOD AVENUE,",1891,101,3,4,189,7,,2195
SCH,"BALTIMORE, MD 21239",,,,,,,,
27032-NORTHSIDE BAPTIST CHURCH,"1100 E NORTHERN PKWY,",1766,165,12,9,257,14,,2223
,"BALTIMORE, MD 21239",,,,,,,,
27037-SCHOOL #214 GUILFORD MIDDLE,"4520 YORK RD,",448,107,1,2,91,2,,651
,"BALTIMORE, MD 21212",,,,,,,,
27038-GOVANS BOUNDARY UMC,"5210 YORK RD,",943,141,13,2,216,8,,1323
,"BALTIMORE, MD 21212",,,,,,,,
27039-ST MARYS CHURCH OF GOVANS,"5502 YORK RD,",527,146,5,3,101,4,,786
,"BALTIMORE, MD 21212",,,,,,,,
27040-GRACE UNITED METHODIST,"5407 N CHARLES ST,",910,277,4,8,221,2,,1422
CHURCH,"BALTIMORE, MD 21210",,,,,,,,
27041-GRACE UNITED METHODIST,"5407 N CHARLES ST,",1197,299,14,5,241,7,,1763
CHURCH,"BALTIMORE, MD 21210",,,,,,,,
27042-CORNER COMMUNITY CENTER,"5802 ROLAND AVE,",1092,273,7,9,269,7,,1657
,"BALTIMORE, MD 21210",,,,,,,,
27043-SCHOOL #407  WESTERN HIGH,"4600 FALLS RD,",550,80,2,2,98,1,,733
,"BALTIMORE, MD 21209",,,,,,,,
27044-SCHOOL #233 ROLAND PARK,"5207 ROLAND AVE,",861,150,3,5,125,8,,1152
MIDDLE,"BALTIMORE, MD 21210",,,,,,,,
27045-ST DAVIDS CHURCH,"4700 ROLAND AVE,",1208,186,12,3,247,3,,1659
,"BALTIMORE, MD 21210",,,,,,,,
27046-BOLTON STREET SYNAGOGUE,"212 W COLDSPRING LN,",608,95,6,3,93,5,,810
,"BALTIMORE, MD 21210",,,,,,,,
27047-SCHOOL #249 MEDFIELD HGTS,"4300 BUCHANAN AVE,",743,109,3,7,210,7,,1079
ELEM,"BALTIMORE, MD 21211",,,,,,,,
27049-SCHOOL #221 MT WASHINGTON,"5800 SMITH AVE,",2049,258,11,13,332,9,,2672
LOWER,"BALTIMORE, MD 21209",,,,,,,,
27050-ELDERSLIE ST ANDREWS UMC,"5601 PIMLICO RD,",922,64,7,6,106,2,,1107
,"BALTIMORE, MD 21209",,,,,,,,
27062-SCHOOL #401 NORTHWESTERN SR,"6900 PARK HEIGHTS AVE,",1285,286,4,6,254,5,,1840
HIGH,"BALTIMORE, MD 21215",,,,,,,,
27063-SCHOOL #247  CROSS COUNTRY,6100 CROSS COUNTRY,1318,247,6,2,222,9,,1804
ELEM,"BLVD, BALTIMORE, MD",,,,,,,,
,21215,,,,,,,,
27064-ENGINE HOUSE #45,"2700 GLEN AVE,",1088,333,5,9,259,4,,1698
,"BALTIMORE, MD 21215",,,,,,,,
27065-SCHOOL #247  CROSS COUNTRY,6100 CROSS COUNTRY,1777,578,3,5,430,11,,2804
ELEM,"BLVD, BALTIMORE, MD",,,,,,,,
,21215,,,,,,,,
27066-SCHOOL #401 NORTHWESTERN SR,"6900 PARK HEIGHTS AVE,",1363,488,4,8,328,13,,2204
HIGH,"BALTIMORE, MD 21215",,,,,,,,
27067-SCHOOL #241 FALLSTAFF MIDDLE,"3801 FALLSTAFF RD,",1533,224,2,2,291,11,,2063
,"BALTIMORE, MD 21215",,,,,,,,
District Total :,,70368,17364,428,692,18601,527,,107980
ESSIONAL DISTRICT 7,,,,,,,,,
03001-SCHOOL #734 - BALTIMORE,"1601 E LOMBARD ST,",1182,68,3,2,174,12,,1441
ALTERNATIVE LEARNING ACADEMY,"BALTIMORE, MD 21231",,,,,,,,
03002-SCHOOL #734 - BALTIMORE,"1601 E LOMBARD ST,",514,65,3,1,122,1,,706
ALTERNATIVE LEARNING ACADEMY,"BALTIMORE, MD 21231",,,,,,,,
04001-CHARLES TOWERS APTS,"222 N CHARLES ST,",497,115,2,7,193,5,,819
,"BALTIMORE, MD 21201",,,,,,,,
04002-STEADMAN FIRE STATION,"15 S EUTAW ST,",1355,222,12,23,476,15,,2103
,"BALTIMORE, MD 21201",,,,,,,,
04003-MURTY CTR-POE AUDITORIUM,"206 N FREMONT AVE,",460,16,1,1,45,4,,527
,"BALTIMORE, MD 21201",,,,,,,,
05001-PLEASANT VIEW GARDEN,"201 N AISQUITH ST,",1111,61,6,2,114,5,,1299
APARTMENTS,"BALTIMORE, MD 21202",,,,,,,,
05002-SCHOOL #414 PAUL DUNBAR HIGH,1400 ORLEANS STREET -,109,3,0,0,8,1,,121
SCH,"MAIN ENTRANCE,",,,,,,,,
,"BALTIMORE, MD 21231",,,,,,,,
06001-SCHOOL #83 WM PACA ELEM,"200 N LAKEWOOD AVE,",996,59,6,2,121,9,,1193
,"BALTIMORE, MD 21224",,,,,,,,
06002-SCHOOL #27 RODGERS ELEM,"100 N CHESTER ST,",541,50,0,1,82,2,,676
,"BALTIMORE, MD 21231",,,,,,,,
06003-SCHOOL #27 RODGERS ELEM,"100 N CHESTER ST,",382,20,0,0,44,2,,448
,"BALTIMORE, MD 21231",,,,,,,,
06004-SCHOOL #27 RODGERS ELEM,"100 N CHESTER ST,",765,96,7,5,201,4,,1078
,"BALTIMORE, MD 21231",,,,,,,,
07001-SCHOOL #414 PAUL DUNBAR HIGH,1400 ORLEANS STREET -,866,40,3,1,82,2,,994
SCH,"MAIN ENTRANCE,",,,,,,,,
,"BALTIMORE, MD 21231",,,,,,,,
07002-SCHOOL #13 TENCH TILGHMAN,600 N PATTERSON PARK,187,12,1,0,36,1,,237
ELEM,"AVE, BALTIMORE, MD",,,,,,,,
,21205,,,,,,,,
07003-SCHOOL #13 TENCH TILGHMAN,600 N PATTERSON PARK,1702,80,10,5,173,13,,1983
ELEM,"AVE, BALTIMORE, MD",,,,,,,,
,21205,,,,,,,,
07004-THE ELEVATION CHAPEL AME,"2931 E MADISON ST,",1738,85,1,2,189,13,,2028
CHURCH,"BALTIMORE, MD 21205",,,,,,,,
08002-THE MARYLAND STATE BOYS CHOIR,"3400 NORMAN AVENUE,",1197,63,7,3,115,6,,1391
CENTER FOR THE ARTS,"BALTIMORE, MD 21213",,,,,,,,
08003-CATHOLIC HIGH SCHOOL,"2800 EDISON HWY,",1402,65,3,0,137,5,,1612
,"BALTIMORE, MD 21213",,,,,,,,
08004-SCHOOL #37 HARFORD HGTS,"1919 N BROADWAY,",351,26,1,0,28,1,,407
PRIMARY,"BALTIMORE, MD 21213",,,,,,,,
08005-SCHOOL #37 HARFORD HGTS,"1919 N BROADWAY,",1359,47,5,1,114,3,,1529
PRIMARY,"BALTIMORE, MD 21213",,,,,,,,
08006-SCHOOL #250 DR. BERNARD,"1400 N CAROLINE ST,",1769,76,1,9,147,5,,2007
HARRIS SR ELEM,"BALTIMORE, MD 21213",,,,,,,,
08007-COLLINGTON SQUARE RECREATION,"1409 N COLLINGTON AVE,",1371,42,2,2,90,2,,1509
CENTER,"BALTIMORE, MD 21213",,,,,,,,
08010-SCHOOL #85 FT WORTHINGTON,"2701 E OLIVER ST,",2427,81,6,1,164,5,,2684
ELEM,"BALTIMORE, MD 21213",,,,,,,,
08011-SCHOOL #86 LAKEWOOD ELEM,"2625 E FEDERAL ST,",429,21,2,1,43,5,,501
,"BALTIMORE, MD 21213",,,,,,,,
09001-CHURCH OF THE REDEEMED,"4321 OLD YORK RD,",556,25,3,1,55,1,,641
,"BALTIMORE, MD 21212",,,,,,,,
09002-THE ELLERSLIE,"601 WYANOKE AVE,",787,37,8,4,86,0,,922
,"BALTIMORE, MD 21218",,,,,,,,
09003-SCHOOL #51 WAVERLY ELEM,3400 ELLERSLIE AVE-,1048,43,8,5,118,3,,1225
,"ENTRANCE 34TH ST,",,,,,,,,
,"BALTIMORE, MD 21218",,,,,,,,
09004-SCHOOL #51 WAVERLY ELEM,3400 ELLERSLIE AVE-,1701,80,7,2,202,7,,1999
,"ENTRANCE 34TH ST,",,,,,,,,
,"BALTIMORE, MD 21218",,,,,,,,
09005-SCHOOL #410 MERVO TECH HIGH,3500 HILLEN RD -,1370,66,8,1,119,6,,1570
,"ENTRANCE TIVOLY AVE,",,,,,,,,
,"BALTIMORE, MD 21218",,,,,,,,
09006-SCHOOL #410 MERVO TECH HIGH,3500 HILLEN RD -,1626,56,7,3,146,14,,1852
,"ENTRANCE TIVOLY AVE,",,,,,,,,
,"BALTIMORE, MD 21218",,,,,,,,
09007-SCHOOL #44 MONTEBELLO ELEM,"2040 E 32ND ST,",1481,55,13,5,136,7,,1697
,"BALTIMORE, MD 21218",,,,,,,,
09008-COLDSTREAM RECREATION CENTER,"1401 FILLMORE ST,",1173,37,1,2,97,7,,1317
,"BALTIMORE, MD 21218",,,,,,,,
09009-SCHOOL #31 COLDSTREAM PARK,"1400 EXETER HALL AVE,",694,24,4,1,94,5,,822
ELEM,"BALTIMORE, MD 21218",,,,,,,,
09010-ENGINE HOUSE #31,"3123 GREENMOUNT AVE,",972,46,9,1,118,2,,1148
,"BALTIMORE, MD 21218",,,,,,,,
09011-SCHOOL #31 COLDSTREAM PARK,"1400 EXETER HALL AVE,",253,14,0,0,29,0,,296
ELEM,"BALTIMORE, MD 21218",,,,,,,,
09012-COLDSTREAM RECREATION CENTER,"1401 FILLMORE ST,",1240,47,1,1,97,3,,1389
,"BALTIMORE, MD 21218",,,,,,,,
09013-SCHOOL #7 CECIL ELEM,"2000 CECIL AVE,",460,19,2,1,35,2,,519
,"BALTIMORE, MD 21218",,,,,,,,
09014-SCHOOL #7 CECIL ELEM,"2000 CECIL AVE,",1239,46,2,4,120,5,,1416
,"BALTIMORE, MD 21218",,,,,,,,
09015-DAWSON CENTER,"1400 E FEDERAL ST,",1422,53,4,6,133,6,,1624
,"BALTIMORE, MD 21213",,,,,,,,
10001-SCHOOL #16 JOHNSTON SQ ELEM,"1101 VALLEY ST,",919,26,2,2,70,7,,1026
,"BALTIMORE, MD 21202",,,,,,,,
10002-NEW WATERS TOWER APARTMENTS,"1400 E MADISON ST,",1043,30,0,2,67,5,,1147
,"BALTIMORE, MD 21205",,,,,,,,
10003-LATROBE HOMES,"900 E MADISON ST,",437,26,4,1,62,5,,535
,"BALTIMORE, MD 21202",,,,,,,,
10004-SCHOOL #16 JOHNSTON SQ ELEM,"1101 VALLEY ST,",498,27,1,0,48,1,,575
,"BALTIMORE, MD 21202",,,,,,,,
11001-CHASE HOUSE,"1027 CATHEDRAL ST,",944,95,14,9,236,6,,1304
,"BALTIMORE, MD 21201",,,,,,,,
11002-CHASE HOUSE,"1027 CATHEDRAL ST,",314,27,2,2,75,7,,427
,"BALTIMORE, MD 21201",,,,,,,,
11003-BROWN MEMORIAL CHURCH,"1316 PARK AVENUE,",1117,77,12,4,204,7,,1421
,"BALTIMORE, MD 21217",,,,,,,,
11004-SCHOOL #122 - SAMUEL,507 W PRESTON ST -,61,1,0,0,1,0,,63
COLERIDGE-TAYLOR ELEM,ENTER ON DRUID HILL,,,,,,,,
,"AVE, BALTIMORE, MD",,,,,,,,
,21201,,,,,,,,
11005-CHASE HOUSE,"1027 CATHEDRAL ST,",1069,73,4,6,171,9,,1332
,"BALTIMORE, MD 21201",,,,,,,,
11006-ENOCH PRATT FREE LIBRARY,"400 CATHEDRAL ST,",1587,160,9,14,399,14,,2183
CENTRAL BRANCH,"BALTIMORE, MD 21201",,,,,,,,
11007-WAXTER CENTER,"1000 CATHEDRAL ST,",889,87,7,14,269,7,,1273
,"BALTIMORE, MD 21201",,,,,,,,
12002-1ST ENGLISH LUTHERAN CHURCH,"3807 N CHARLES ST,",161,49,2,2,29,1,,244
,"BALTIMORE, MD 21218",,,,,,,,
12003-THE GREENMOUNT SCHOOL,"501 W 30TH ST,",510,39,6,3,124,2,,684
,"BALTIMORE, MD 21211",,,,,,,,
12004-ENOCH PRATT FREE LIBRARY,"400 E 33RD ST,",988,91,11,10,314,3,,1417
WAVERLY BRANCH,"BALTIMORE, MD 21218",,,,,,,,
12005-ENOCH PRATT FREE LIBRARY,"400 E 33RD ST,",786,47,17,8,175,3,,1036
WAVERLY BRANCH,"BALTIMORE, MD 21218",,,,,,,,
12006-SCHOOL #54 BARCLAY ELEM,"2900 BARCLAY ST,",536,43,13,6,154,6,,758
,"BALTIMORE, MD 21218",,,,,,,,
12007-SCHOOL #54 BARCLAY ELEM,"2900 BARCLAY ST,",1087,46,15,4,150,2,,1304
,"BALTIMORE, MD 21218",,,,,,,,
12008-SCHOOL #53 BRENT ELEM,"100 E 26TH ST,",951,54,22,9,196,5,,1237
,"BALTIMORE, MD 21218",,,,,,,,
12009-WYMAN HOUSE,"123 W 29TH ST,",1115,139,18,8,241,19,,1540
,"BALTIMORE, MD 21218",,,,,,,,
12010-SCHOOL #53 BRENT ELEM,"100 E 26TH ST,",1148,71,12,3,157,5,,1396
,"BALTIMORE, MD 21218",,,,,,,,
12011-SCHOOL #39 DALLAS F. NICHOLAS,"201 E 21ST ST,",772,39,4,2,112,4,,933
SR ELEM,"BALTIMORE, MD 21218",,,,,,,,
12012-BALTO MONTESSORI PUBLIC,"1600 GUILFORD AVE,",1092,49,6,5,190,5,,1347
CHARTER SCH 336,"BALTIMORE, MD 21202",,,,,,,,
13006-ENGINE HOUSE #52,"3525 WOODBROOK AVE,",505,19,3,3,63,1,,594
,"BALTIMORE, MD 21217",,,,,,,,
13007-SCHOOL #24 WESTSIDE ELEM,"2235 N FULTON AVE,",1180,47,2,1,117,7,,1354
,"BALTIMORE, MD 21217",,,,,,,,
13008-BETH AM IN TOWN SYNAGOGUE,"2501 EUTAW PL,",1426,54,9,7,141,4,,1641
,"BALTIMORE, MD 21217",,,,,,,,
13009-BETH AM IN TOWN SYNAGOGUE,"2501 EUTAW PL,",915,34,5,4,101,3,,1062
,"BALTIMORE, MD 21217",,,,,,,,
13010-RESERVOIR HILL IMPROVEMENT,"2001 PARK AVE,",1220,54,5,2,160,7,,1448
COUNCIL,"BALTIMORE, MD 21217",,,,,,,,
13011-SCHOOL #55 HAMPDEN ELEM,"3608 CHESTNUT AVE,",1249,198,19,9,346,12,,1833
,"BALTIMORE, MD 21211",,,,,,,,
13013-SCHOOL #55 HAMPDEN ELEM,"3608 CHESTNUT AVE,",59,12,1,1,15,0,,88
,"BALTIMORE, MD 21211",,,,,,,,
14001-MT ROYAL RECREATION CTR,"120 W MOSHER ST,",648,36,3,7,117,3,,814
,"BALTIMORE, MD 21217",,,,,,,,
14002-MT ROYAL RECREATION CTR,"120 W MOSHER ST,",626,25,5,3,81,6,,746
,"BALTIMORE, MD 21217",,,,,,,,
14003-ENGINE HOUSE #13,"405 MCMECHEN ST,",660,23,3,2,79,4,,771
,"BALTIMORE, MD 21217",,,,,,,,
14004-SCHOOL #11 EUTAW-MARSHBURN,"1624 EUTAW PL,",1862,87,7,5,178,11,,2150
ELEM,"BALTIMORE, MD 21217",,,,,,,,
14005-ENOCH PRATT FREE LIBRARY,1531 W NORTH AVE AT,403,23,0,1,24,1,,452
PENNSYLVANIA AVE BRANCH,"PENNS, BALTIMORE, MD",,,,,,,,
,21217,,,,,,,,
15001-SCHOOL #177 GEORGE MCMECHEN,"4411 GARRISON BLVD,",1239,36,4,1,93,3,,1376
JR/SR,"BALTIMORE, MD 21215",,,,,,,,
15002-SCHOOL #42 GARRISON MIDDLE,3910 BARRINGTON RD -,747,22,0,2,61,3,,835
,REAR OF BLDG - ENT ON,,,,,,,,
,"GARRISON, BALTIMORE,",,,,,,,,
,MD 21207,,,,,,,,
15003-SCHOOL #251 CALLAWAY ELEM,"3701 FERNHILL AVE,",2017,55,2,6,162,4,,2246
,"BALTIMORE, MD 21215",,,,,,,,
15004-SCHOOL #58  ASHBURTON ELEM,"3935 HILTON RD,",646,34,1,2,57,2,,742
,"BALTIMORE, MD 21215",,,,,,,,
15005-SCHOOL #58  ASHBURTON ELEM,"3935 HILTON RD,",1032,29,1,1,85,4,,1152
,"BALTIMORE, MD 21215",,,,,,,,
15006-SCHOOL #60 GWYNNS FALLS ELEM,2700 GWYNNS FALLS,1470,42,2,1,129,8,,1652
,"PKWY, BALTIMORE, MD",,,,,,,,
,21216,,,,,,,,
15007-SCHOOL #21 HILTON ELEM,"3301 CARLISLE AVE,",1173,31,0,5,88,6,,1303
,"BALTIMORE, MD 21216",,,,,,,,
15008-LIBERTY GRACE CHURCH OF GOD,"3400 COPLEY RD,",563,19,0,0,46,3,,631
,"BALTIMORE, MD 21215",,,,,,,,
15009-SCHOOL #64 LIBERTY ELEM,"3901 MAINE AVE,",2217,61,10,5,178,7,,2478
,"BALTIMORE, MD 21207",,,,,,,,
15010-SCHOOL #87 WINDSOR HILL ELEM,"4001 ALTO RD,",1086,47,2,3,112,5,,1255
,"BALTIMORE, MD 21216",,,,,,,,
15011-SCHOOL #67  EDGEWOOD ELEM,"1900 EDGEWOOD ST,",1056,38,3,1,113,7,,1218
,"BALTIMORE, MD 21216",,,,,,,,
15012-ENOCH PRATT FREE LIBRARY,"3203 W NORTH AVE,",234,6,0,1,28,1,,270
WALBROOK BRANCH,"BALTIMORE, MD 21216",,,,,,,,
15013-ENOCH PRATT FREE LIBRARY,"3203 W NORTH AVE,",616,27,1,2,47,1,,694
WALBROOK BRANCH,"BALTIMORE, MD 21216",,,,,,,,
15014-SCHOOL #60 GWYNNS FALLS ELEM,2700 GWYNNS FALLS,1114,34,0,4,78,1,,1231
,"PKWY, BALTIMORE, MD",,,,,,,,
,21216,,,,,,,,
15015-SCHOOL #454 CARVER VOC-TECH,"2201 PRESSTMAN ST,",640,24,3,0,50,2,,719
HIGH,"BALTIMORE, MD 21216",,,,,,,,
15016-SCHOOL #454 CARVER VOC-TECH,"2201 PRESSTMAN ST,",666,18,1,1,64,1,,751
HIGH,"BALTIMORE, MD 21216",,,,,,,,
15017-SCHOOL #29 HENSON ELEM,"1600 N PAYSON ST,",1377,42,4,2,125,5,,1555
,"BALTIMORE, MD 21217",,,,,,,,
15018-SCHOOL #107 GILMOR ELEM,"1300 N STRICKER ST,",2353,86,5,2,179,14,,2639
,"BALTIMORE, MD 21217",,,,,,,,
15019-SCHOOL #28 WILLIAM,"701 GOLD ST, BALTIMORE,",79,2,0,0,7,1,,89
PINDERHUGHES ELEM,MD 21217,,,,,,,,
15020-SCHOOL #142 COLEMAN ELEM,"2400 WINDSOR AVE,",1955,74,2,3,185,9,,2228
,"BALTIMORE, MD 21216",,,,,,,,
15021-ENGINE HOUSE #52,"3525 WOODBROOK AVE,",865,34,3,3,83,2,,990
,"BALTIMORE, MD 21217",,,,,,,,
15022-MONTE VERDE APARTMENTS,"2503 VIOLET AVE,",1088,44,1,3,100,2,,1238
,"BALTIMORE, MD 21215",,,,,,,,
15023-SCHOOL #254 DR MARTIN L KING,"3750 GREENSPRING AVE,",1381,56,1,6,116,8,,1568
JR ELEM,"BALTIMORE, MD 21211",,,,,,,,
15024-TOWANDA RECREATION CENTER,"4100 TOWANDA AVENUE,",1489,57,7,1,114,4,,1672
,"BALTIMORE, MD 21215",,,,,,,,
15025-TOWANDA RECREATION CENTER,"4100 TOWANDA AVENUE,",667,25,2,0,57,0,,751
,"BALTIMORE, MD 21215",,,,,,,,
16001-SCHOOL #35 HARLEM PARK ELEM,"801 N STRICKER ST,",659,22,2,1,57,1,,742
SCH,"BALTIMORE, MD 21217",,,,,,,,
16002-SCHOOL #35 HARLEM PARK ELEM,"801 N STRICKER ST,",1023,49,0,0,99,4,,1175
SCH,"BALTIMORE, MD 21217",,,,,,,,
16003-SCHOOL #35 HARLEM PARK ELEM,"801 N STRICKER ST,",692,26,1,2,65,3,,789
SCH,"BALTIMORE, MD 21217",,,,,,,,
16004-SCHOOL #35 HARLEM PARK ELEM,"801 N STRICKER ST,",448,27,1,1,50,3,,530
SCH,"BALTIMORE, MD 21217",,,,,,,,
16005-SCHOOL #107 GILMOR ELEM,"1300 N STRICKER ST,",1407,59,1,0,118,9,,1594
,"BALTIMORE, MD 21217",,,,,,,,
16006-SCHOOL #75 FRIENDSHIP,"1100 WHITMORE AVE,",1348,59,4,1,112,6,,1530
PREPARATORY ACADEMY,"BALTIMORE, MD 21216",,,,,,,,
16007-EMPOWERMENT ACADEMY ELEM,"851 BRADDISH AVE,",1175,40,1,2,94,3,,1315
SCH 262,"BALTIMORE, MD 21216",,,,,,,,
16008-EMPOWERMENT ACADEMY ELEM,"851 BRADDISH AVE,",773,30,1,0,55,5,,864
SCH 262,"BALTIMORE, MD 21216",,,,,,,,
16009-SCHOOL #145 HAMILTON ELEM,"800 POPLAR GROVE ST,",1190,51,2,1,122,6,,1372
,"BALTIMORE, MD 21216",,,,,,,,
16010-SCHOOL #144 JAMES MOSHER,"2400 MOSHER ST,",748,27,0,1,67,0,,843
ELEM,"BALTIMORE, MD 21216",,,,,,,,
16011-SCHOOL #63 ROSEMONT ELEM,"2777 PRESSTMAN ST,",556,27,1,1,48,0,,633
,"BALTIMORE, MD 21216",,,,,,,,
16012-SCHOOL #217 BELMONT ELEM,"1406 N ELLAMONT ST,",1440,55,1,5,115,10,,1626
,"BALTIMORE, MD 21216",,,,,,,,
16013-ST BERNARDINES CHURCH HALL,"614 MT HOLLY ST,",1429,53,4,0,104,6,,1596
,"BALTIMORE, MD 21229",,,,,,,,
16014-WESTSIDE SKILL CENTER,4501 EDMONDSON AVE -,2532,85,2,5,179,7,,2810
,"REAR OF BLDG.,",,,,,,,,
,"BALTIMORE, MD 21229",,,,,,,,
17001-SCHOOL #122 - SAMUEL,507 W PRESTON ST -,144,7,0,0,18,1,,170
COLERIDGE-TAYLOR ELEM,ENTER ON DRUID HILL,,,,,,,,
,"AVE, BALTIMORE, MD",,,,,,,,
,21201,,,,,,,,
17002-SCHOOL #122 - SAMUEL,507 W PRESTON ST -,2114,82,12,6,206,9,,2429
COLERIDGE-TAYLOR ELEM,ENTER ON DRUID HILL,,,,,,,,
,"AVE, BALTIMORE, MD",,,,,,,,
,21201,,,,,,,,
18001-SCHOOL #178 FRANCIS M. WOOD,"1001 W SARATOGA ST,",815,38,4,1,74,4,,936
ALTERNATIVE HIGH,"BALTIMORE, MD 21223",,,,,,,,
18002-SCHOOL #10 MCHENRY ELEM,"31 S SCHROEDER ST,",1239,100,16,7,228,12,,1602
,"BALTIMORE, MD 21223",,,,,,,,
19001-SCHOOL #95 FRANKLIN SQ ELEM,"1400 W LEXINGTON ST,",1081,29,1,1,84,5,,1201
,"BALTIMORE, MD 21223",,,,,,,,
19002-SCHOOL #4 STEUART HILL ELEM,"30 S GILMOR ST,",1338,156,11,2,286,11,,1804
,"BALTIMORE, MD 21223",,,,,,,,
19003-SCHOOL #4 STEUART HILL ELEM,"30 S GILMOR ST,",136,8,0,1,17,1,,163
,"BALTIMORE, MD 21223",,,,,,,,
20001-SCHOOL #150  MARY ANN,"220 N BENTALOU ST,",1236,42,2,2,117,6,,1405
WINTERLING ELEM,"BALTIMORE, MD 21223",,,,,,,,
20002-SCHOOL #4 STEUART HILL ELEM,"30 S GILMOR ST,",569,34,0,2,60,5,,670
,"BALTIMORE, MD 21223",,,,,,,,
20003-ACADEMY OF SUCCESS,"525 HURLEY AVE,",1561,64,1,2,105,4,,1737
,"BALTIMORE, MD 21223",,,,,,,,
20004-VOTING MACHINE WAREHOUSE,"301 N FRANKLINTOWN RD,",199,8,0,0,14,1,,222
,"BALTIMORE, MD 21223",,,,,,,,
20005-HILTON REC CTR,"2950 PHELPS LN,",847,26,2,2,85,1,,963
,"BALTIMORE, MD 21229",,,,,,,,
20006-MARY E RODMAN REC CTR,"3600 W MULBERRY ST,",2595,68,4,4,204,16,,2891
,"BALTIMORE, MD 21229",,,,,,,,
20007-SCHOOL #73 SARAH M ROACH,"3434 OLD FREDERICK RD,",1674,81,4,5,156,6,,1926
ELEM,"BALTIMORE, MD 21229",,,,,,,,
20008-SCHOOL #73 SARAH M ROACH,"3434 OLD FREDERICK RD,",502,30,2,1,60,5,,600
ELEM,"BALTIMORE, MD 21229",,,,,,,,
20009-ACADEMY OF SUCCESS,"525 HURLEY AVE,",430,66,4,5,106,4,,615
,"BALTIMORE, MD 21223",,,,,,,,
20010-ACADEMY OF SUCCESS,"525 HURLEY AVE,",316,48,1,1,60,5,,431
,"BALTIMORE, MD 21223",,,,,,,,
20011-SCHOOL #98 SAMUEL F B MORSE,"424 S PULASKI ST,",1071,100,9,7,186,10,,1383
ELEM,"BALTIMORE, MD 21223",,,,,,,,
21002-SCHOOL #22 GEORGE,"800 SCOTT ST,",980,129,3,7,240,8,,1367
WASHINGTON ELEM,"BALTIMORE, MD 21230",,,,,,,,
22001-CHRIST CHURCH HARBOR APTS.,"600 LIGHT STREET,",597,146,3,3,152,9,,910
INC.,"BALTIMORE, MD 21230",,,,,,,,
25001-SCHOOL #246 BEECHFIELD ELEM,"301 S BEECHFIELD AVE,",2211,135,4,7,249,10,,2616
,"BALTIMORE, MD 21229",,,,,,,,
25002-SCHOOL #246 BEECHFIELD ELEM,"301 S BEECHFIELD AVE,",1607,68,9,9,159,14,,1866
,"BALTIMORE, MD 21229",,,,,,,,
25017-SCHOOL #226 VIOLETVILLE,"1207 PINE HGTS AVE,",217,48,0,1,56,1,,323
ELEM/MID,"BALTIMORE, MD 21229",,,,,,,,
25018-SCHOOL #226 VIOLETVILLE,"1207 PINE HGTS AVE,",166,34,1,0,24,0,,225
ELEM/MID,"BALTIMORE, MD 21229",,,,,,,,
26012-ENGINE HOUSE #51,"646 N HIGHLAND AVE,",444,38,1,1,47,3,,534
,"BALTIMORE, MD 21205",,,,,,,,
26019-ENOCH PRATT FREE LIBRARY,"3801 ERDMAN AVE,",1191,40,1,4,115,3,,1354
HERRING RUN BRANCH,"BALTIMORE, MD 21213",,,,,,,,
26020-SCHOOL #231 BREHMS LANE ELEM,"3536 BREHMS LN,",601,28,0,0,62,1,,692
,"BALTIMORE, MD 21213",,,,,,,,
27014-SCHOOL #236  HAMILTON,"6101 OLD  HARFORD RD,",1684,305,13,11,314,15,,2342
ELEM/MID,"BALTIMORE, MD 21214",,,,,,,,
27015-SCHOOL #855SUCCESS ACADEMY,"2201 PINEWOOD AVE,",1640,114,6,4,173,3,,1940
,"BALTIMORE, MD 21214",,,,,,,,
27016-SCHOOL #212 GARRETT HGTS ELEM,"2800 AILSA AVE,",485,57,5,1,99,2,,649
,"BALTIMORE, MD 21214",,,,,,,,
27017-SCHOOL #212 GARRETT HGTS ELEM,"2800 AILSA AVE,",924,79,3,1,123,4,,1134
,"BALTIMORE, MD 21214",,,,,,,,
27018-ENGINE HOUSE #42,"4522 HARFORD RD,",1607,130,14,11,225,11,,1998
,"BALTIMORE, MD 21214",,,,,,,,
27019-SCHOOL #219 YORKWOOD ELEM,"5931 YORKWOOD RD,",642,29,2,0,60,0,,733
,"BALTIMORE, MD 21239",,,,,,,,
27021-SCHOOL #219 YORKWOOD ELEM,"5931 YORKWOOD RD,",1995,78,3,8,194,7,,2285
,"BALTIMORE, MD 21239",,,,,,,,
27022-SCHOOL #242 NORTHWOOD ELEM,"5201 LOCH RAVEN BLVD,",2302,68,3,6,164,10,,2553
,"BALTIMORE, MD 21239",,,,,,,,
27023-SCHOOL #242 NORTHWOOD ELEM,"5201 LOCH RAVEN BLVD,",520,14,0,0,48,1,,583
,"BALTIMORE, MD 21239",,,,,,,,
27024-SCHOOL #242 NORTHWOOD ELEM,"5201 LOCH RAVEN BLVD,",550,17,0,1,42,1,,611
,"BALTIMORE, MD 21239",,,,,,,,
27025-NORTHWOOD APPOLD COMM,"4417 LOCH RAVEN BLVD,",1102,41,2,3,91,3,,1242
ACADEMY,"BALTIMORE, MD 21218",,,,,,,,
27026-THE LEAGUE FOR PEOPLE WITH,1111 E COLDSPRING,767,29,7,0,89,0,,892
DISABILITIES,"LANE, BALTIMORE, MD",,,,,,,,
,21239,,,,,,,,
27027-THE LEAGUE FOR PEOPLE WITH,1111 E COLDSPRING,1422,33,5,4,114,3,,1581
DISABILITIES,"LANE, BALTIMORE, MD",,,,,,,,
,21239,,,,,,,,
27028-BALTIMORE IT ACADEMY #378,900 WOODBOURNE AVE AT,1113,35,2,2,86,6,,1244
,"TUNBRIDGE, BALTIMORE,",,,,,,,,
,MD 21212,,,,,,,,
27029-BALTIMORE IT ACADEMY #378,900 WOODBOURNE AVE AT,778,25,1,3,68,4,,879
,"TUNBRIDGE, BALTIMORE,",,,,,,,,
,MD 21212,,,,,,,,
27030-SCHOOL #242 NORTHWOOD ELEM,"5201 LOCH RAVEN BLVD,",1151,25,3,3,110,7,,1299
,"BALTIMORE, MD 21239",,,,,,,,
27031-SCHOOL #245 LEITH WALK ELEM,"1235 SHERWOOD AVENUE,",1889,64,9,5,174,5,,2146
SCH,"BALTIMORE, MD 21239",,,,,,,,
27033-SCHOOL #213 GOVANS ELEM,500 CAMPBELL LN AT,1858,111,5,7,232,10,,2223
,"GOVANE, BALTIMORE, MD",,,,,,,,
,21212,,,,,,,,
27034-DEWEESE REC CTR,"5501 IVANHOE AVE,",1236,46,3,1,107,4,,1397
,"BALTIMORE, MD 21212",,,,,,,,
27035-BALTIMORE IT ACADEMY #378,900 WOODBOURNE AVE AT,2445,76,6,6,239,14,,2786
,"TUNBRIDGE, BALTIMORE,",,,,,,,,
,MD 21212,,,,,,,,
27036-SCHOOL #214 GUILFORD MIDDLE,"4520 YORK RD,",770,26,5,2,90,2,,895
,"BALTIMORE, MD 21212",,,,,,,,
27048-RUSCOMBE GARDEN APTS,"4800 YELLOWWOOD AVE,",741,40,2,4,70,3,,860
,"BALTIMORE, MD 21209",,,,,,,,
27051-LEVINDALE HEBREW GERIATRIC,"2434 W BELVEDERE AVE,",211,19,2,0,15,1,,248
CENTER AND HOSPITAL,"BALTIMORE, MD 21215",,,,,,,,
27052-LEVINDALE HEBREW GERIATRIC,"2434 W BELVEDERE AVE,",2273,70,5,2,200,6,,2556
CENTER AND HOSPITAL,"BALTIMORE, MD 21215",,,,,,,,
27053-SCHOOL #62  EDGECOMBE CIRCLE,"2835 VIRGINIA AVE,",1316,41,3,3,112,8,,1483
ELEM,"BALTIMORE, MD 21215",,,,,,,,
27054-C.C. JACKSON REC CTR,"4910 PARK HGTS AVE,",469,26,2,3,49,2,,551
,"BALTIMORE, MD 21215",,,,,,,,
27055-SCHOOL #5  LANGSTON HUGHES,"5011 ARBUTUS AVE,",663,33,1,1,53,3,,754
ELEM,"BALTIMORE, MD 21215",,,,,,,,
27056-SCHOOL #5  LANGSTON HUGHES,"5011 ARBUTUS AVE,",819,33,1,2,71,5,,931
ELEM,"BALTIMORE, MD 21215",,,,,,,,
27057-SCHOOL #5  LANGSTON HUGHES,"5011 ARBUTUS AVE,",1701,55,0,2,144,6,,1908
ELEM,"BALTIMORE, MD 21215",,,,,,,,
27058-LEVINDALE HEBREW GERIATRIC,"2434 W BELVEDERE AVE,",549,16,2,1,31,0,,599
CENTER AND HOSPITAL,"BALTIMORE, MD 21215",,,,,,,,
27059-PUBLIC SAFETY TRAINING CENTER,3500 W NORTHERN PKWY,797,33,0,1,66,2,,899
,(ENTER ON MANHATTAN,,,,,,,,
,"AVE), BALTIMORE, MD",,,,,,,,
,21215,,,,,,,,
27060-PUBLIC SAFETY TRAINING CENTER,3500 W NORTHERN PKWY,1251,118,3,1,114,4,,1491
,(ENTER ON MANHATTAN,,,,,,,,
,"AVE), BALTIMORE, MD",,,,,,,,
,21215,,,,,,,,
27061-SCHOOL #401 NORTHWESTERN SR,"6900 PARK HEIGHTS AVE,",613,42,1,2,72,4,,734
HIGH,"BALTIMORE, MD 21215",,,,,,,,
28001-SCHOOL #241 FALLSTAFF MIDDLE,"3801 FALLSTAFF RD,",1095,37,1,3,118,7,,1261
,"BALTIMORE, MD 21215",,,,,,,,
28002-SCHOOL #224  GROVE PARK ELEM,"5545 KENNISON AVE,",1776,62,4,3,165,5,,2015
,"BALTIMORE, MD 21215",,,,,,,,
28003-SCHOOL #177 GEORGE MCMECHEN,"4411 GARRISON BLVD,",377,19,0,1,43,0,,440
JR/SR,"BALTIMORE, MD 21215",,,,,,,,
28004-SCHOOL #224 GROVE PARK ELEM,"5545 KENNISON AVE,",578,21,1,4,60,1,,665
,"BALTIMORE, MD 21215",,,,,,,,
28005-FOREST PARK SR CITIZEN CTR,"4801 LIBERTY HGTS AVE,",1388,40,0,2,121,2,,1553
,"BALTIMORE, MD 21207",,,,,,,,
28006-FOREST PARK SR CITIZEN CTR,"4801 LIBERTY HGTS AVE,",1996,57,7,4,209,11,,2284
,"BALTIMORE, MD 21207",,,,,,,,
28007-LIBERTY RECREATION CTR,"3901 MAINE AVE,",895,43,1,4,81,4,,1028
,"BALTIMORE, MD 21207",,,,,,,,
28008-LIBERTY RECREATION CTR,"3901 MAINE AVE,",1264,35,2,2,95,8,,1406
,"BALTIMORE, MD 21207",,,,,,,,
28009-SCHOOL #201 DICKEY HILL ELEM,"5025 DICKEY HILL RD,",1554,67,4,6,197,11,,1839
,"BALTIMORE, MD 21207",,,,,,,,
28010-SCHOOL #232 THOMAS JEFFERSON,"605 DRYDEN DR,",1662,82,6,2,167,8,,1927
ELEM,"BALTIMORE, MD 21229",,,,,,,,
28011-SCHOOL #232 THOMAS JEFFERSON,"605 DRYDEN DR,",1695,74,5,6,145,7,,1932
ELEM,"BALTIMORE, MD 21229",,,,,,,,
28012-SCHOOL #232 THOMAS JEFFERSON,"605 DRYDEN DR,",1055,93,3,7,137,7,,1302
ELEM,"BALTIMORE, MD 21229",,,,,,,,
28013-WESTSIDE SKILL CENTER,4501 EDMONDSON AVE -,1157,41,1,7,109,4,,1319
,"REAR OF BLDG.,",,,,,,,,
,"BALTIMORE, MD 21229",,,,,,,,
28014-SCHOOL #246 ANNEX BEECHFIELD,"301 S BEECHFIELD AVE,",478,22,2,3,47,2,,554
ELEM,"BALTIMORE, MD 21229",,,,,,,,
28015-SCHOOL #377 GREEN ST. ACADEMY,"201 NORTHBEND RD,",1379,160,4,6,224,13,,1786
,"BALTIMORE, MD 21229",,,,,,,,